{"count":1,"self":258.9534208,"total":283.5062575,"children":{"InitializeActuators":{"count":1,"self":0.0027002999999999997,"total":0.0027002999999999997,"children":null},"InitializeSensors":{"count":1,"self":0.0047002,"total":0.0047002,"children":null},"AgentSendState":{"count":14068,"self":0.5023503,"total":0.59501969999999993,"children":{"CollectObservations":{"count":2814,"self":0.058063,"total":0.058063,"children":null},"WriteActionMask":{"count":2814,"self":0.0188158,"total":0.0188158,"children":null},"RequestDecision":{"count":2814,"self":0.0157906,"total":0.0157906,"children":null}}},"DecideAction":{"count":14068,"self":22.420041599999998,"total":22.450038799999998,"children":{"RayPerceptionSensor.Perceive":{"count":2814,"self":0.029997399999999997,"total":0.029997399999999997,"children":null}}},"AgentAct":{"count":14068,"self":1.4919281,"total":1.4919281,"children":null}},"gauges":{"DroneAgent.CumulativeReward":{"count":1,"max":1424.36816,"min":1424.36816,"runningAverage":1424.36816,"value":1424.36816,"weightedAverage":1424.36816}},"metadata":{"timer_format_version":"0.1.0","start_time_seconds":"1745236293","unity_version":"2022.3.6f1","command_line_arguments":"H:\\Drone\\Drone Controller.exe","communication_protocol_version":"1.5.0","com.unity.ml-agents_version":"2.0.1","scene_name":"2","end_time_seconds":"1745236576"}}